eval_loss,eval_accuracy,training loss,AUROC,AUPRC,RP80,model,epoch,batch_size,MAX_GRAD_NORM,GRADIENT_ACCUMULATION_STEPS,MAX_SEQ_LENGTH,LEARNING_RATE,eval_type
0.6413746993792685,0.6305564702008561,0.6686348131745509,0.7221680758266125,0.698120920035074,0.33797909407665505,discharge,0,32,3,1,512,5e-05,val
0.63528823632943,0.6486664471517946,0.629536406966278,0.7368241514582978,0.7082431638023923,0.28222996515679444,discharge,1,32,3,1,512,5e-05,val
0.6848474681377411,0.6345077378992426,0.5430110617110848,0.7348505153383202,0.6976533932921347,0.33797909407665505,discharge,2,32,3,1,512,5e-05,val
0.6392472255975008,0.6454456415279138,0.5430110617110848,0.7497771522402064,0.7147387041513992,0.15172413793103448,discharge,0,32,3,1,512,5e-05,discharge
